month,day,year,name,location,link
Mar,05,2025,Ballet Folklorico de Mexico,Byham Theater,https://pittsburgh.events/tickets/ballet-folklorico-de-mexico/
Mar,05,2025,Enter The Haggis,City Winery Pittsburgh,https://pittsburgh.events/tickets/enter-the-haggis/
Mar,06,2025,Doc Backer,Crafthouse Stage & Grill,https://pittsburgh.events/tickets/doc-backer/
Mar,06,2025,Disney On Ice,PPG Paints Arena,https://pittsburgh.events/tickets/disney-on-ice/
Mar,06,2025,Sheng Wang,Carnegie of Homestead Music Hall,https://pittsburgh.events/tickets/sheng-wang/
Mar,06,2025,Spring Student Choreography Project,PPU Pittsburgh Playhouse - Complex,https://pittsburgh.events/tickets/spring-student-choreography-project/
Mar,06,2025,Chest Fever,Cafe at Thunderbird Cafe & Music Hall,https://pittsburgh.events/tickets/chest-fever/
Mar,07,2025,Moana,PPG Paints Arena,https://pittsburgh.events/tickets/moana/
Mar,07,2025,Disney On Ice - Mickey's Search Party,PPG Paints Arena,https://pittsburgh.events/tickets/disney-on-ice-mickeys-search-party/
Mar,07,2025,Arnez J,Pittsburgh Improv,https://pittsburgh.events/tickets/arnez-j/
Mar,07,2025,The Steel Wheels,City Winery Pittsburgh,https://pittsburgh.events/tickets/the-steel-wheels/
Mar,07,2025,Jan Lisiecki,Heinz Hall,https://pittsburgh.events/tickets/jan-lisiecki/
Mar,07,2025,Kraftwerk (Band),Stage AE,https://pittsburgh.events/tickets/kraftwerk-band/
Mar,07,2025,Layto,Crafthouse Stage & Grill,https://pittsburgh.events/tickets/layto/
Mar,08,2025,Disney On Ice Wayfinding with Moana,PPG Paints Arena,https://pittsburgh.events/tickets/disney-on-ice-wayfinding-with-moana/
Mar,08,2025,Kimberly Akimbo,Benedum Center,https://pittsburgh.events/tickets/kimberly-akimbo/
Mar,08,2025,Boston College Eagles Basketball,Petersen Events Center,https://pittsburgh.events/tickets/boston-college-eagles-basketball/
Mar,08,2025,Disney On Ice - Road Trip Adventures,PPG Paints Arena,https://pittsburgh.events/tickets/disney-on-ice-road-trip-adventures/
Mar,09,2025,Pittsburgh Panthers Womens Gymnastics,Fitzgerald Field House,https://pittsburgh.events/tickets/pittsburgh-panthers-womens-gymnastics/
Mar,09,2025,Mozart's Piano Concerto No. 22,Heinz Hall,https://pittsburgh.events/tickets/mozarts-piano-concerto-no-22/
Mar,09,2025,Avery Sunshine,City Winery Pittsburgh,https://pittsburgh.events/tickets/avery-sunshine/
Mar,10,2025,WILLIS,Bottlerocket Social Hall,https://pittsburgh.events/tickets/willis/
Mar,11,2025,Scot Sax,City Winery Pittsburgh,https://pittsburgh.events/tickets/scot-sax/
Mar,11,2025,Vegas Golden Knights,PPG Paints Arena,https://pittsburgh.events/tickets/vegas-golden-knights/
Mar,11,2025,Corook,Cafe at Thunderbird Cafe & Music Hall,https://pittsburgh.events/tickets/corook/
Mar,12,2025,Lachy Doley,City Winery Pittsburgh,https://pittsburgh.events/tickets/lachy-doley/
Mar,12,2025,Pretty Guardian Sailor Moon,Byham Theater,https://pittsburgh.events/tickets/pretty-guardian-sailor-moon/
Mar,12,2025,Boyzlife,Carnegie Music Hall,https://pittsburgh.events/tickets/boyzlife/
Mar,12,2025,Keith Duffy,Carnegie of Homestead Music Hall,https://pittsburgh.events/tickets/keith-duffy/
Mar,12,2025,Don McMillan,Pittsburgh Improv,https://pittsburgh.events/tickets/don-mcmillan/
Mar,13,2025,Agnostic Front,Crafthouse Stage & Grill,https://pittsburgh.events/tickets/agnostic-front/
Mar,13,2025,Anthony DeVito,Pittsburgh Improv,https://pittsburgh.events/tickets/anthony-devito/
Mar,13,2025,St. Louis Blues,PPG Paints Arena,https://pittsburgh.events/tickets/st-louis-blues/
Mar,14,2025,Rosebud Baker,Pittsburgh Improv,https://pittsburgh.events/tickets/rosebud-baker/
Mar,14,2025,Sharpe Family Singers,Byham Theater,https://pittsburgh.events/tickets/sharpe-family-singers/
Mar,15,2025,Annie,Benedum Center,https://pittsburgh.events/tickets/annie/
Mar,15,2025,New Jersey Devils,PPG Paints Arena,https://pittsburgh.events/tickets/new-jersey-devils/
Mar,15,2025,Marc Roberge,City Winery Pittsburgh,https://pittsburgh.events/tickets/marc-roberge/
Mar,16,2025,Marshall Crenshaw,City Winery Pittsburgh,https://pittsburgh.events/tickets/marshall-crenshaw/
Mar,16,2025,Alton Brown,Benedum Center,https://pittsburgh.events/tickets/alton-brown/
Mar,16,2025,Quicksand,Music Hall at Thunderbird Café & Music Hall,https://pittsburgh.events/tickets/quicksand/
Mar,16,2025,Foil Arms and Hog,Carnegie of Homestead Music Hall,https://pittsburgh.events/tickets/foil-arms-and-hog/
Mar,17,2025,Abbots Cross,City Winery Pittsburgh,https://pittsburgh.events/tickets/abbots-cross/
Mar,18,2025,New York Islanders,PPG Paints Arena,https://pittsburgh.events/tickets/new-york-islanders/
Mar,18,2025,Jack the Whipper,City Winery Pittsburgh,https://pittsburgh.events/tickets/jack-the-whipper/
Mar,18,2025,Thee Sinseers,Cafe at Thunderbird Cafe & Music Hall,https://pittsburgh.events/tickets/thee-sinseers/
Mar,19,2025,South of Here Tour,Petersen Events Center,https://pittsburgh.events/tickets/south-of-here-tour/
Mar,19,2025,Pittsburgh Symphony Orchestra,Heinz Hall,https://pittsburgh.events/tickets/pittsburgh-symphony-orchestra/
Mar,20,2025,MercyMe,Petersen Events Center,https://pittsburgh.events/tickets/mercyme/
Mar,20,2025,JigJam,City Winery Pittsburgh,https://pittsburgh.events/tickets/jigjam/
Mar,20,2025,Kellen Erskine,Sunken Bus Studios,https://pittsburgh.events/tickets/kellen-erskine/
Mar,20,2025,Ally the Piper,Crafthouse Stage & Grill,https://pittsburgh.events/tickets/ally-the-piper/
Mar,21,2025,Tony Rock,Pittsburgh Improv,https://pittsburgh.events/tickets/tony-rock/
Mar,21,2025,Columbus Blue Jackets,PPG Paints Arena,https://pittsburgh.events/tickets/columbus-blue-jackets/
Mar,21,2025,Cameron Whitcomb,Spirit Hall,https://pittsburgh.events/tickets/cameron-whitcomb/
Mar,21,2025,Joe Pug,City Winery Pittsburgh,https://pittsburgh.events/tickets/joe-pug/
Mar,21,2025,Jeremy Piven,Byham Theater,https://pittsburgh.events/tickets/jeremy-piven/
Mar,21,2025,Rush tribute,Carnegie of Homestead Music Hall,https://pittsburgh.events/tickets/rush-tribute/
Mar,22,2025,Rufus Wainwright,City Winery Pittsburgh,https://pittsburgh.events/tickets/rufus-wainwright/
Mar,22,2025,Sheku Kanneh-Mason,Heinz Hall,https://pittsburgh.events/tickets/sheku-kanneh-mason/
Mar,22,2025,Hartford Athletic,Highmark Stadium (Pittsburgh),https://pittsburgh.events/tickets/hartford-athletic/
Mar,22,2025,Crankdat,Stage AE,https://pittsburgh.events/tickets/crankdat/
Mar,22,2025,The Vindys,Cafe at Thunderbird Cafe & Music Hall,https://pittsburgh.events/tickets/the-vindys/
Mar,22,2025,Matt Rife,PPG Paints Arena,https://pittsburgh.events/tickets/matt-rife/
Mar,23,2025,Paul Thorn,City Winery Pittsburgh,https://pittsburgh.events/tickets/paul-thorn/
Mar,23,2025,Sarah Shook & The Disarmers,Cafe at Thunderbird Cafe & Music Hall,https://pittsburgh.events/tickets/sarah-shook-the-disarmers/
Mar,25,2025,Tom Green,City Winery Pittsburgh,https://pittsburgh.events/tickets/tom-green/
Mar,26,2025,MODI,Pittsburgh Improv,https://pittsburgh.events/tickets/modi/
Mar,26,2025,Gregory Alan Isakov,Stage AE,https://pittsburgh.events/tickets/gregory-alan-isakov/
Mar,26,2025,Will Hoge,Cafe at Thunderbird Cafe & Music Hall,https://pittsburgh.events/tickets/will-hoge/
Mar,27,2025,Fraggle Rock Live,Byham Theater,https://pittsburgh.events/tickets/fraggle-rock-live/
Mar,27,2025,Piano Comedy Wars,Pittsburgh Improv,https://pittsburgh.events/tickets/piano-comedy-wars/
Mar,28,2025,Chase Matthew,Event Center at Rivers Casino Pittsburgh,https://pittsburgh.events/tickets/chase-matthew/
Mar,28,2025,Greg Fitzsimmons,Pittsburgh Improv,https://pittsburgh.events/tickets/greg-fitzsimmons/
Mar,28,2025,Madama Butterfly,Benedum Center,https://pittsburgh.events/tickets/madama-butterfly/
Mar,28,2025,Chromakopia: The World Tour,PPG Paints Arena,https://pittsburgh.events/tickets/chromakopia-the-world-tour/
Mar,28,2025,Danae Hays,Byham Theater,https://pittsburgh.events/tickets/danae-hays/
Mar,28,2025,Henry Cho,Carnegie of Homestead Music Hall,https://pittsburgh.events/tickets/henry-cho/
Mar,29,2025,Luke Kidgell,City Winery Pittsburgh,https://pittsburgh.events/tickets/luke-kidgell/
Mar,29,2025,Birmingham Legion FC,Highmark Stadium (Pittsburgh),https://pittsburgh.events/tickets/birmingham-legion-fc/
Mar,29,2025,Senses - Band,Bottlerocket Social Hall,https://pittsburgh.events/tickets/senses-band/
Mar,29,2025,Tribute to Led Zeppelin,Stage AE,https://pittsburgh.events/tickets/tribute-to-led-zeppelin/
Mar,29,2025,Magnetic Fields,Carnegie Lecture Hall of Oakland,https://pittsburgh.events/tickets/magnetic-fields/
Mar,29,2025,The Birthday Massacre,Crafthouse Stage & Grill,https://pittsburgh.events/tickets/the-birthday-massacre/
Mar,30,2025,Ottawa Senators,PPG Paints Arena,https://pittsburgh.events/tickets/ottawa-senators/
Mar,30,2025,Magnetic Fields Festival,Carnegie Lecture Hall of Oakland,https://pittsburgh.events/tickets/magnetic-fields-festival/
Mar,31,2025,Whitcomb,Spirit Hall,https://pittsburgh.events/tickets/whitcomb/
Mar,31,2025,Honestav,Cafe at Thunderbird Cafe & Music Hall,https://pittsburgh.events/tickets/honestav/
Apr,01,2025,Vola,Spirit Hall,https://pittsburgh.events/tickets/vola/
Apr,01,2025,Kimberly Akimbo,Benedum Center,https://pittsburgh.events/tickets/kimberly-akimbo/
Apr,02,2025,Al Stewart,City Winery Pittsburgh,https://pittsburgh.events/tickets/al-stewart/
Apr,02,2025,Livingston Taylor,Pittsburgh Winery,https://pittsburgh.events/tickets/livingston-taylor/
Apr,03,2025,A.J. Croce,Carnegie Music Hall,https://pittsburgh.events/tickets/a-j-croce/
Apr,03,2025,Jesus Christ Superstar,Byham Theater,https://pittsburgh.events/tickets/jesus-christ-superstar/
Apr,03,2025,JoJo,Stage AE,https://pittsburgh.events/tickets/jojo/
Apr,04,2025,New York Yankees,PNC Park,https://pittsburgh.events/tickets/new-york-yankees/
Apr,04,2025,Killswitch Engage,Stage AE,https://pittsburgh.events/tickets/killswitch-engage/
Apr,04,2025,Kyle Erby,Pittsburgh Improv,https://pittsburgh.events/tickets/kyle-erby/
Apr,04,2025,Emery,City Winery Pittsburgh,https://pittsburgh.events/tickets/emery/
Apr,04,2025,Taylor Swift Tribute,Hard Rock Cafe Pittsburgh,https://pittsburgh.events/tickets/taylor-swift-tribute/
Apr,05,2025,Pittsburgh Ballet Theatre,August Wilson Center,https://pittsburgh.events/tickets/pittsburgh-ballet-theatre/
Apr,05,2025,The Sickness 25th Anniversary,PPG Paints Arena,https://pittsburgh.events/tickets/the-sickness-25th-anniversary/
Apr,05,2025,Josh Blue,City Winery Pittsburgh,https://pittsburgh.events/tickets/josh-blue/
Apr,05,2025,Chase Rise,Stage AE,https://pittsburgh.events/tickets/chase-rise/
Apr,05,2025,ELEVATION RHYTHM,Petersen Events Center,https://pittsburgh.events/tickets/elevation-rhythm/
Apr,05,2025,Reggie Watts,Spirit Hall,https://pittsburgh.events/tickets/reggie-watts/
Apr,05,2025,Total Eclipse of the Chart: Music of the 80s,Heinz Hall,https://pittsburgh.events/tickets/total-eclipse-of-the-chart-music-of-the-80s/
Apr,05,2025,Robert Cray Band,Carnegie Music Hall,https://pittsburgh.events/tickets/robert-cray-band/
Apr,06,2025,Peter Pan The Musical,Benedum Center,https://pittsburgh.events/tickets/peter-pan-the-musical/
Apr,07,2025,St. Louis Cardinals,PNC Park,https://pittsburgh.events/tickets/st-louis-cardinals/
Apr,07,2025,Boy Band Symphony,Heinz Hall,https://pittsburgh.events/tickets/boy-band-symphony/
Apr,08,2025,The Thorn,Benedum Center,https://pittsburgh.events/tickets/the-thorn/
Apr,08,2025,Faerybabyy,Thunderbird Cafe & Music Hall - Complex,https://pittsburgh.events/tickets/faerybabyy/
Apr,08,2025,Chicago Blackhawks,PPG Paints Arena,https://pittsburgh.events/tickets/chicago-blackhawks/
Apr,08,2025,Explosions In the Sky,Stage AE,https://pittsburgh.events/tickets/explosions-in-the-sky/
Apr,09,2025,Jesus Christ Superstar - Musical,Byham Theater,https://pittsburgh.events/tickets/jesus-christ-superstar-musical/
Apr,09,2025,Legally Blonde - Touring,Pittsburgh Playhouse of Point Park University,https://pittsburgh.events/tickets/legally-blonde-touring/
Apr,09,2025,Connor Price,Stage AE,https://pittsburgh.events/tickets/connor-price/
Apr,10,2025,Kevin James Thornton,Pittsburgh Improv,https://pittsburgh.events/tickets/kevin-james-thornton/
Apr,10,2025,Jerry Seinfeld,Benedum Center,https://pittsburgh.events/tickets/jerry-seinfeld/
Apr,10,2025,Flipturn,Stage AE,https://pittsburgh.events/tickets/flipturn/
Apr,10,2025,Nolan Taylor,Cafe at Thunderbird Cafe & Music Hall,https://pittsburgh.events/tickets/nolan-taylor/
Apr,11,2025,Ginger Billy,Pittsburgh Improv,https://pittsburgh.events/tickets/ginger-billy/
Apr,11,2025,Kevin Ross,City Winery Pittsburgh,https://pittsburgh.events/tickets/kevin-ross/
Apr,11,2025,Kool Keith,Spirit Hall,https://pittsburgh.events/tickets/kool-keith/
Apr,11,2025,Justin Furstenfeld,Carnegie of Homestead Music Hall,https://pittsburgh.events/tickets/justin-furstenfeld/
Apr,12,2025,Pittsburgh Symphony Orchestra,Heinz Hall,https://pittsburgh.events/tickets/pittsburgh-symphony-orchestra/
Apr,12,2025,Brit Floyd,Benedum Center,https://pittsburgh.events/tickets/brit-floyd/
Apr,13,2025,Boston Bruins,PPG Paints Arena,https://pittsburgh.events/tickets/boston-bruins/
Apr,13,2025,Zoltan Kaszas,Pittsburgh Improv,https://pittsburgh.events/tickets/zoltan-kaszas/
Apr,13,2025,St. Vincent,Stage AE,https://pittsburgh.events/tickets/st-vincent/
Apr,14,2025,Washington Nationals,PNC Park,https://pittsburgh.events/tickets/washington-nationals/
Apr,15,2025,Are You Garbage?,Pittsburgh Improv,https://pittsburgh.events/tickets/are-you-garbage/
Apr,15,2025,Some Like It Hot,Benedum Center,https://pittsburgh.events/tickets/some-like-it-hot/
Apr,15,2025,Rick Wakeman,Carnegie Music Hall,https://pittsburgh.events/tickets/rick-wakeman/
Apr,16,2025,Corb Lund,Pittsburgh Winery,https://pittsburgh.events/tickets/corb-lund/
Apr,16,2025,Hayes Carll,City Winery Pittsburgh,https://pittsburgh.events/tickets/hayes-carll/
Apr,17,2025,Capstan,Spirit Hall,https://pittsburgh.events/tickets/capstan/
Apr,17,2025,Steve Forbert,City Winery Pittsburgh,https://pittsburgh.events/tickets/steve-forbert/
Apr,17,2025,Washington Capitals,PPG Paints Arena,https://pittsburgh.events/tickets/washington-capitals/
Apr,17,2025,B Simone,Pittsburgh Improv,https://pittsburgh.events/tickets/b-simone/
Apr,17,2025,ChoreoLab,George Rowland White Performance Center at PPU Pittsburgh Playhouse - Complex,https://pittsburgh.events/tickets/choreolab/
Apr,18,2025,Cleveland Guardians,PNC Park,https://pittsburgh.events/tickets/cleveland-guardians/
Apr,18,2025,Thunder From Down Under,Event Center at Rivers Casino Pittsburgh,https://pittsburgh.events/tickets/thunder-from-down-under/
Apr,19,2025,Pinkshift,Spirit Hall,https://pittsburgh.events/tickets/pinkshift/
Apr,21,2025,Denzel Curry,Stage AE,https://pittsburgh.events/tickets/denzel-curry/
Apr,21,2025,Bob Dylan,Benedum Center,https://pittsburgh.events/tickets/bob-dylan/
Apr,22,2025,Meshuggah,Stage AE,https://pittsburgh.events/tickets/meshuggah/
Apr,22,2025,I Ya Toyah,Crafthouse Stage & Grill,https://pittsburgh.events/tickets/i-ya-toyah/
Apr,23,2025,EXTC,City Winery Pittsburgh,https://pittsburgh.events/tickets/extc/
Apr,23,2025,Korine,Bottlerocket Social Hall,https://pittsburgh.events/tickets/korine/
Apr,23,2025,The Lil Smokies,Cafe at Thunderbird Cafe & Music Hall,https://pittsburgh.events/tickets/the-lil-smokies/
Apr,24,2025,John Waters,City Winery Pittsburgh,https://pittsburgh.events/tickets/john-waters/
Apr,25,2025,Anjelah Johnson,Event Center at Rivers Casino Pittsburgh,https://pittsburgh.events/tickets/anjelah-johnson/
Apr,25,2025,Steph Tolev,Pittsburgh Improv,https://pittsburgh.events/tickets/steph-tolev/
Apr,25,2025,Nightly,Cafe at Thunderbird Cafe & Music Hall,https://pittsburgh.events/tickets/nightly/
Apr,26,2025,Shen Yun,Benedum Center,https://pittsburgh.events/tickets/shen-yun/
Apr,26,2025,Monster Energy AMA Supercross,Acrisure Stadium (formerly Heinz Field),https://pittsburgh.events/tickets/monster-energy-ama-supercross/
Apr,26,2025,John Waite,City Winery Pittsburgh,https://pittsburgh.events/tickets/john-waite/
Apr,26,2025,Brahms & Beethoven,Heinz Hall,https://pittsburgh.events/tickets/brahms-beethoven/
Apr,27,2025,Sofia Isella,Spirit Hall,https://pittsburgh.events/tickets/sofia-isella/
Apr,29,2025,Chicago Cubs,PNC Park,https://pittsburgh.events/tickets/chicago-cubs/
Apr,29,2025,Bullet for My Valentine,Stage AE,https://pittsburgh.events/tickets/bullet-for-my-valentine/
Apr,29,2025,Trivium,Stage AE,https://pittsburgh.events/tickets/trivium/
Apr,29,2025,The Michigan Rattlers,Crafthouse Stage & Grill,https://pittsburgh.events/tickets/the-michigan-rattlers/
May,01,2025,Chicago Cubs,PNC Park,https://pittsburgh.events/tickets/chicago-cubs/
May,01,2025,Stavros Halkias,Benedum Center,https://pittsburgh.events/tickets/stavros-halkias/
May,01,2025,Howie Day,City Winery Pittsburgh,https://pittsburgh.events/tickets/howie-day/
May,02,2025,San Diego Padres,PNC Park,https://pittsburgh.events/tickets/san-diego-padres/
May,02,2025,Come from Away,Benedum Center,https://pittsburgh.events/tickets/come-from-away/
May,03,2025,California Guitar Trio,Pittsburgh Winery,https://pittsburgh.events/tickets/california-guitar-trio/
May,03,2025,Guitar Trio,City Winery Pittsburgh,https://pittsburgh.events/tickets/guitar-trio/
May,03,2025,North Carolina FC,Highmark Stadium (Pittsburgh),https://pittsburgh.events/tickets/north-carolina-fc/
May,03,2025,Trixie Mattel,Stage AE,https://pittsburgh.events/tickets/trixie-mattel/
May,04,2025,Micky Dolenz,City Winery Pittsburgh,https://pittsburgh.events/tickets/micky-dolenz/
May,04,2025,Nada Surf,Spirit Hall,https://pittsburgh.events/tickets/nada-surf/
May,04,2025,Bruce Hornsby,Byham Theater,https://pittsburgh.events/tickets/bruce-hornsby/
May,04,2025,Deep Sea Diver,Cafe at Thunderbird Cafe & Music Hall,https://pittsburgh.events/tickets/deep-sea-diver/
May,04,2025,Fortune Feimster,Carnegie of Homestead Music Hall,https://pittsburgh.events/tickets/fortune-feimster/
May,05,2025,TommyInnit,Stage AE,https://pittsburgh.events/tickets/tommyinnit/
May,07,2025,Malandain Ballet Biarritz,Byham Theater,https://pittsburgh.events/tickets/malandain-ballet-biarritz/
May,08,2025,The Pretty Reckless,Acrisure Stadium (formerly Heinz Field),https://pittsburgh.events/tickets/the-pretty-reckless/
May,08,2025,Adrienne Iapalucci,Pittsburgh Improv,https://pittsburgh.events/tickets/adrienne-iapalucci/
May,09,2025,Atlanta Braves,PNC Park,https://pittsburgh.events/tickets/atlanta-braves/
May,09,2025,Trevor Wallace,Byham Theater,https://pittsburgh.events/tickets/trevor-wallace/
May,09,2025,Casey Rocket,Pittsburgh Improv,https://pittsburgh.events/tickets/casey-rocket/
May,09,2025,Hard Work and Holy Water Tour,Stage AE,https://pittsburgh.events/tickets/hard-work-and-holy-water-tour/
May,09,2025,sammy rash,Sunken Bus Studios,https://pittsburgh.events/tickets/sammy-rash/
May,09,2025,Cheekface,Bottlerocket Social Hall,https://pittsburgh.events/tickets/cheekface/
May,14,2025,360 Allstars,Byham Theater,https://pittsburgh.events/tickets/360-allstars/
May,15,2025,Relapse Tour,Stage AE,https://pittsburgh.events/tickets/relapse-tour/
May,16,2025,Chad Daniels,Pittsburgh Improv,https://pittsburgh.events/tickets/chad-daniels/
May,16,2025,Pearl Jam,PPG Paints Arena,https://pittsburgh.events/tickets/pearl-jam/
May,16,2025,Bruce Cockburn,City Winery Pittsburgh,https://pittsburgh.events/tickets/bruce-cockburn/
May,17,2025,Five For Fighting,City Winery Pittsburgh,https://pittsburgh.events/tickets/five-for-fighting/
May,18,2025,Pittsburgh Symphony Orchestra,Heinz Hall,https://pittsburgh.events/tickets/pittsburgh-symphony-orchestra/
May,19,2025,Cincinnati Reds,PNC Park,https://pittsburgh.events/tickets/cincinnati-reds/
May,20,2025,Mayday Parade,Stage AE,https://pittsburgh.events/tickets/mayday-parade/
May,20,2025,Puscifer,Petersen Events Center,https://pittsburgh.events/tickets/puscifer/
May,22,2025,Milwaukee Brewers,PNC Park,https://pittsburgh.events/tickets/milwaukee-brewers/
May,23,2025,Barry Manilow,PPG Paints Arena,https://pittsburgh.events/tickets/barry-manilow/
May,25,2025,The Magical Music Of Harry Potter,Benedum Center,https://pittsburgh.events/tickets/the-magical-music-of-harry-potter/
May,25,2025,The Lord of the Rings & The Hobbit with Billy Boyd,Benedum Center,https://pittsburgh.events/tickets/the-lord-of-the-rings-the-hobbit-with-billy-boyd/
May,25,2025,Avatar the Last Airbender in Concert,Benedum Center,https://pittsburgh.events/tickets/avatar-the-last-airbender-in-concert/
May,28,2025,Nasser,Pittsburgh Improv,https://pittsburgh.events/tickets/nasser/
May,29,2025,Sierra Ferrell,PNC Park,https://pittsburgh.events/tickets/sierra-ferrell/
May,31,2025,Rhode Island Reds FC,Highmark Stadium (Pittsburgh),https://pittsburgh.events/tickets/rhode-island-reds-fc/
Jun,01,2025,Gabriel Rutledge,Sunken Bus Studios,https://pittsburgh.events/tickets/gabriel-rutledge/
Jun,03,2025,Houston Astros,PNC Park,https://pittsburgh.events/tickets/houston-astros/
Jun,04,2025,Yo-Yo Ma,Heinz Hall,https://pittsburgh.events/tickets/yo-yo-ma/
Jun,05,2025,Trisha Paytas,Benedum Center,https://pittsburgh.events/tickets/trisha-paytas/
Jun,05,2025,Notre Dame Fighting Irish Football,Acrisure Stadium (formerly Heinz Field),https://pittsburgh.events/tickets/notre-dame-fighting-irish-football/
Jun,06,2025,Philadelphia Phillies,PNC Park,https://pittsburgh.events/tickets/philadelphia-phillies/
Jun,06,2025,Kassi Ashton,Petersen Events Center,https://pittsburgh.events/tickets/kassi-ashton/
Jun,06,2025,I've Tried Everything But Therapy Tour,Stage AE,https://pittsburgh.events/tickets/ive-tried-everything-but-therapy-tour/
Jun,07,2025,Jorma Kaukonen,City Winery Pittsburgh,https://pittsburgh.events/tickets/jorma-kaukonen/
Jun,07,2025,Detroit City FC,Highmark Stadium (Pittsburgh),https://pittsburgh.events/tickets/detroit-city-fc/
Jun,07,2025,Mt. Joy,Stage AE,https://pittsburgh.events/tickets/mt-joy/
Jun,08,2025,Pittsburgh Symphony Orchestra,Heinz Hall,https://pittsburgh.events/tickets/pittsburgh-symphony-orchestra/
Jun,09,2025,Miami Marlins,PNC Park,https://pittsburgh.events/tickets/miami-marlins/
Jun,11,2025,Sarah Millican,Byham Theater,https://pittsburgh.events/tickets/sarah-millican/
Jun,12,2025,Slightly Stoopid,Stage AE,https://pittsburgh.events/tickets/slightly-stoopid/
Jun,13,2025,Daisy Grenade,Cafe at Thunderbird Cafe & Music Hall,https://pittsburgh.events/tickets/daisy-grenade/
Jun,13,2025,Beatrice Rana,Heinz Hall,https://pittsburgh.events/tickets/beatrice-rana/
Jun,13,2025,Jacks Mannequin,Stage AE,https://pittsburgh.events/tickets/jacks-mannequin/
Jun,14,2025,Bob Schneider,City Winery Pittsburgh,https://pittsburgh.events/tickets/bob-schneider/
Jun,15,2025,Hells Belles,City Winery Pittsburgh,https://pittsburgh.events/tickets/hells-belles/
Jun,18,2025,Dolly Parton's Threads,Heinz Hall,https://pittsburgh.events/tickets/dolly-partons-threads/
Jun,19,2025,Adam Ray,Heinz Hall,https://pittsburgh.events/tickets/adam-ray/
Jun,20,2025,Texas Rangers,PNC Park,https://pittsburgh.events/tickets/texas-rangers/
Jun,20,2025,Megan Moroney,Stage AE,https://pittsburgh.events/tickets/megan-moroney/
Jun,21,2025,Tampa Bay Rowdies,Highmark Stadium (Pittsburgh),https://pittsburgh.events/tickets/tampa-bay-rowdies/
Jun,21,2025,John Carroll Kirby,Stage AE,https://pittsburgh.events/tickets/john-carroll-kirby/
Jun,22,2025,Jimmy Carr,Byham Theater,https://pittsburgh.events/tickets/jimmy-carr/
Jun,26,2025,Ryan Adams,Carnegie Music Hall,https://pittsburgh.events/tickets/ryan-adams/
Jun,27,2025,New York Mets,PNC Park,https://pittsburgh.events/tickets/new-york-mets/
Jun,28,2025,Westchester SC,Highmark Stadium (Pittsburgh),https://pittsburgh.events/tickets/westchester-sc/
Jun,30,2025,St. Louis Cardinals,PNC Park,https://pittsburgh.events/tickets/st-louis-cardinals/
Jul,01,2025,St. Louis Cardinals,PNC Park,https://pittsburgh.events/tickets/st-louis-cardinals/
Jul,02,2025,Diana Krall,Heinz Hall,https://pittsburgh.events/tickets/diana-krall/
Jul,04,2025,Pittsburgh Riverhounds,Highmark Stadium (Pittsburgh),https://pittsburgh.events/tickets/pittsburgh-riverhounds/
Jul,05,2025,Rod Stewart,Acrisure Stadium (formerly Heinz Field),https://pittsburgh.events/tickets/rod-stewart/
Jul,12,2025,I've Tried Everything But Therapy Tour,Stage AE,https://pittsburgh.events/tickets/ive-tried-everything-but-therapy-tour/
Jul,12,2025,Teddy Swims,Stage AE,https://pittsburgh.events/tickets/teddy-swims/
Jul,13,2025,Loudoun United FC,Highmark Stadium (Pittsburgh),https://pittsburgh.events/tickets/loudoun-united-fc/
Jul,14,2025,mekons,City Winery Pittsburgh,https://pittsburgh.events/tickets/mekons/
Jul,18,2025,Chicago White Sox,PNC Park,https://pittsburgh.events/tickets/chicago-white-sox/
Jul,18,2025,Ghost (Band),PPG Paints Arena,https://pittsburgh.events/tickets/ghost-band/
Jul,19,2025,A. J. Ghent,City Winery Pittsburgh,https://pittsburgh.events/tickets/a-j-ghent/
Jul,21,2025,Detroit Tigers,PNC Park,https://pittsburgh.events/tickets/detroit-tigers/
Jul,22,2025,Shinedown,PPG Paints Arena,https://pittsburgh.events/tickets/shinedown/
Jul,23,2025,Keshi,Stage AE,https://pittsburgh.events/tickets/keshi/
Jul,24,2025,Hero World Tour,Petersen Events Center,https://pittsburgh.events/tickets/hero-world-tour/
Jul,25,2025,Arizona Diamondbacks,PNC Park,https://pittsburgh.events/tickets/arizona-diamondbacks/
Jul,29,2025,Miami FC,Highmark Stadium (Pittsburgh),https://pittsburgh.events/tickets/miami-fc/
Jul,30,2025,Eric Eaton,Pittsburgh Improv,https://pittsburgh.events/tickets/eric-eaton/
Aug,02,2025,Marvel Studios’ Infinity Saga Concert,Heinz Hall,https://pittsburgh.events/tickets/marvel-studios-infinity-saga-concert/
Aug,02,2025,Rhode Island Reds FC,Highmark Stadium (Pittsburgh),https://pittsburgh.events/tickets/rhode-island-reds-fc/
Aug,04,2025,San Francisco Giants,PNC Park,https://pittsburgh.events/tickets/san-francisco-giants/
Aug,07,2025,Cincinnati Reds,PNC Park,https://pittsburgh.events/tickets/cincinnati-reds/
Aug,07,2025,S.G. Goodman,Stage AE,https://pittsburgh.events/tickets/s-g-goodman/
Aug,08,2025,Craig Conant,Pittsburgh Improv,https://pittsburgh.events/tickets/craig-conant/
Aug,09,2025,Orange County SC,Highmark Stadium (Pittsburgh),https://pittsburgh.events/tickets/orange-county-sc/
Aug,14,2025,Disney Descendants,PPG Paints Arena,https://pittsburgh.events/tickets/disney-descendants/
Aug,16,2025,Charleston Battery,Highmark Stadium (Pittsburgh),https://pittsburgh.events/tickets/charleston-battery/
Aug,18,2025,Toronto Blue Jays,PNC Park,https://pittsburgh.events/tickets/toronto-blue-jays/
Aug,19,2025,From Zero World Tour,PPG Paints Arena,https://pittsburgh.events/tickets/from-zero-world-tour/
Aug,20,2025,Pittsburgh Panthers Football,Acrisure Stadium (formerly Heinz Field),https://pittsburgh.events/tickets/pittsburgh-panthers-football/
Aug,22,2025,Colorado Rockies,PNC Park,https://pittsburgh.events/tickets/colorado-rockies/
Aug,29,2025,Texas Tailgaters,PNC Park,https://pittsburgh.events/tickets/texas-tailgaters/
Aug,30,2025,Duquesne Dukes Football,Acrisure Stadium (formerly Heinz Field),https://pittsburgh.events/tickets/duquesne-dukes-football/
Sep,02,2025,Los Angeles Dodgers,PNC Park,https://pittsburgh.events/tickets/los-angeles-dodgers/
Sep,05,2025,Milwaukee Brewers,PNC Park,https://pittsburgh.events/tickets/milwaukee-brewers/
Sep,05,2025,Pittsburgh Panthers Football,Acrisure Stadium (formerly Heinz Field),https://pittsburgh.events/tickets/pittsburgh-panthers-football/
Sep,06,2025,ToonFusion,David L. Lawrence Convention Center,https://pittsburgh.events/tickets/toonfusion/
Sep,06,2025,Central Michigan Chippewas Football,Acrisure Stadium (formerly Heinz Field),https://pittsburgh.events/tickets/central-michigan-chippewas-football/
Sep,11,2025,Ashley Gavin,Pittsburgh Improv,https://pittsburgh.events/tickets/ashley-gavin/
Sep,13,2025,Notre Dame Fighting Irish Football,Acrisure Stadium (formerly Heinz Field),https://pittsburgh.events/tickets/notre-dame-fighting-irish-football/
Sep,13,2025,Louisville City FC,Highmark Stadium (Pittsburgh),https://pittsburgh.events/tickets/louisville-city-fc/
Sep,14,2025,Christian Johnson,Pittsburgh Improv,https://pittsburgh.events/tickets/christian-johnson/
Sep,15,2025,Chicago Cubs,PNC Park,https://pittsburgh.events/tickets/chicago-cubs/
Sep,18,2025,Yacht Rock Revue,Stage AE,https://pittsburgh.events/tickets/yacht-rock-revue/
Sep,19,2025,Athletics,PNC Park,https://pittsburgh.events/tickets/athletics/
Sep,20,2025,Boston College Eagles Football,Acrisure Stadium (formerly Heinz Field),https://pittsburgh.events/tickets/boston-college-eagles-football/
Sep,25,2025,Peter Antoniou,Pittsburgh Improv,https://pittsburgh.events/tickets/peter-antoniou/
Sep,26,2025,Gavin Adcock,Stage AE,https://pittsburgh.events/tickets/gavin-adcock/
Sep,27,2025,Louisville Cardinals Football,Acrisure Stadium (formerly Heinz Field),https://pittsburgh.events/tickets/louisville-cardinals-football/
Sep,27,2025,Pittsburgh Riverhounds,Highmark Stadium (Pittsburgh),https://pittsburgh.events/tickets/pittsburgh-riverhounds/
Oct,04,2025,Boston College Eagles Football,Acrisure Stadium (formerly Heinz Field),https://pittsburgh.events/tickets/boston-college-eagles-football/
Oct,04,2025,Miami Hurricanes Football,Acrisure Stadium (formerly Heinz Field),https://pittsburgh.events/tickets/miami-hurricanes-football/
Oct,11,2025,NC State Wolfpack Football,Acrisure Stadium (formerly Heinz Field),https://pittsburgh.events/tickets/nc-state-wolfpack-football/
Oct,11,2025,Indy Eleven,Highmark Stadium (Pittsburgh),https://pittsburgh.events/tickets/indy-eleven/
Oct,12,2025,Foil Arms and Hog,Carnegie of Homestead Music Hall,https://pittsburgh.events/tickets/foil-arms-and-hog/
Oct,25,2025,Phoenix Rising FC,Highmark Stadium (Pittsburgh),https://pittsburgh.events/tickets/phoenix-rising-fc/
Nov,15,2025,Notre Dame Fighting Irish Football,Acrisure Stadium (formerly Heinz Field),https://pittsburgh.events/tickets/notre-dame-fighting-irish-football/
Nov,19,2025,Nate Bergman,Club Cafe,https://pittsburgh.events/tickets/nate-bergman/
Nov,29,2025,Miami Hurricanes Football,Acrisure Stadium (formerly Heinz Field),https://pittsburgh.events/tickets/miami-hurricanes-football/
